{"train_loss": [8.641306355222984, 8.128888026658391, 7.419616500302334, 7.239647501972445, 7.061471794164866, 7.011287881727504, 6.996917564661965, 7.0213591554683985, 6.936743553636228, 6.886586221550315, 6.9569749621798245, 6.927223293489013, 6.926272599138266, 6.897458737980765, 6.84128759595092, 6.773355510957504, 6.959753675416224, 6.901388934337649, 6.904856605533663, 6.831882420582702], "val_loss": [7.888932184616046, 7.243205111250918, 6.820957588673997, 6.702009488601178, 6.6363833781547585, 6.589316867582026, 6.555445965878304, 6.542686836898383, 6.518251736505984, 6.4983683701141155, 6.484559108955115, 6.473560053851643, 6.464647402224491, 6.4562070874633495, 6.463653775927914, 6.4462327975266795, 6.428108154651899, 6.426765396158014, 6.423018434674878, 6.421237220564912], "val_exact_match": [0.45014245014245013, 0.5118708452041786, 0.5849952516619183, 0.5878442545109211, 0.6296296296296297, 0.6448243114909782, 0.6628679962013295, 0.6609686609686609, 0.6856600189933523, 0.6961063627730294, 0.6866096866096866, 0.6932573599240266, 0.7027540360873694, 0.6951566951566952, 0.6942070275403609, 0.7122507122507122, 0.7188983855650523, 0.7103513770180437, 0.7226970560303894, 0.7198480531813866], "val_token_f1": [0.4967981475103982, 0.5601093219326838, 0.6316428427539539, 0.6343950630987667, 0.6805613453761602, 0.6979524004662265, 0.7117922593454686, 0.7145428654729811, 0.7450372578277811, 0.7503523678402177, 0.7358984646063581, 0.7471879506821689, 0.7623532138866479, 0.7506448293527228, 0.7459599632006202, 0.756206915256689, 0.7711182402065593, 0.7635155094054039, 0.7731902134449478, 0.7671337023775435]}