{"train_loss": [2.877500752894756, 1.3305133629388066, 0.9303685102576186, 0.7615931521200703, 0.6508158689278077, 0.5616102998735072, 0.49301386886458254, 0.4423219055440228, 0.4145323909511651, 0.3654386287274509, 0.32446910471517787, 0.3079043452418367, 0.259593101233868, 0.22460552681677465, 0.20518450363243612, 0.17699185954370886, 0.1523040499016385, 0.16624565069620675, 0.1270786585230596, 0.09530228516493999, 0.07730074621120539, 0.07665287926535608, 0.07942881728241322, 0.06479395544911866, 0.06112717490921202, 0.04273749738371234, 0.04085151101196532, 0.04273884533521096, 0.04963847326993651, 0.041487134071031, 0.03507344581566949, 0.036265280770986494, 0.03412906778133795, 0.04349121882069593, 0.04224341289405538, 0.027430037027828865, 0.02497902816692778, 0.023071274490775943, 0.021149767785401067, 0.021224571566503935, 0.02475038054716323, 0.025036610170864105, 0.01623480032650823, 0.012698486299276909, 0.010766268177209775, 0.01149914394833131, 0.018243422553406715, 0.021372316387001274, 0.02304055052463887, 0.019975997218273353], "train_accuracy": [0.34722504574100427, 0.6153689774344379, 0.689367757674324, 0.7296198414311852, 0.7692620451311242, 0.8003659280341533, 0.8241512502541167, 0.8442772921325473, 0.8554584265094531, 0.8727383614555804, 0.8851392559463306, 0.897133563732466, 0.9103476316324456, 0.9294572067493393, 0.934132953852409, 0.9461272616385444, 0.9540557023785322, 0.9449075015247002, 0.9611709697092905, 0.9743850376092702, 0.9804838381784916, 0.9802805448261842, 0.9782476113031104, 0.9845497052246391, 0.9851595852815613, 0.9922748526123196, 0.9918682659077048, 0.9906485057938605, 0.9886155722707868, 0.9918682659077048, 0.994104492783086, 0.9910550924984753, 0.9912583858507826, 0.9875991055092499, 0.988208985566172, 0.994104492783086, 0.9936979060784712, 0.9955275462492377, 0.9959341329538524, 0.9957308396015451, 0.9930880260215491, 0.994104492783086, 0.9969505997153894, 0.9979670664769262, 0.9981703598292336, 0.9981703598292336, 0.9959341329538524, 0.9951209595446229, 0.994104492783086, 0.9947143728400081], "val_loss": [1.6765966141439006, 1.0356896397961057, 0.8651834392366473, 0.7440059936737177, 0.6906981943679331, 0.6475913387644552, 0.6168496799491636, 0.6439413976805163, 0.6526539439489359, 0.6306084742007205, 0.6200119733584006, 0.6391035455357768, 0.6634158943793034, 0.6403773735504658, 0.6422516224730728, 0.7234454419877794, 0.6980484229320588, 0.6881269478050732, 0.7121650500175281, 0.7178258533604578, 0.7692506219360337, 0.7486142320850296, 0.7607902452590233, 0.7773324333817644, 0.7754852350620802, 0.774586427698561, 0.8506171590129421, 0.8345979571002841, 0.8372625274422728, 0.8533124995027852, 0.8724553388068479, 0.8576021897487152, 0.8385239745590195, 0.9339266998475773, 0.8257700322586813, 0.86448623583867, 0.8773492644881478, 0.8826913728333606, 0.9871450630914339, 0.9363330474719476, 0.9184703276707575, 0.8675578992251317, 0.892378692047322, 0.94382887948499, 0.9665206395662748, 0.9249543894616514, 0.9391857132046764, 0.935189845215561, 0.9288808560212906, 0.9550316031502183], "val_accuracy": [0.5375118708452041, 0.6590693257359924, 0.6923076923076923, 0.7340930674264008, 0.7492877492877493, 0.7701804368471035, 0.7901234567901234, 0.7768281101614435, 0.7825261158594492, 0.7844254510921178, 0.8110161443494777, 0.792022792022792, 0.7996201329534662, 0.8072174738841406, 0.8091168091168092, 0.7958214624881291, 0.8005698005698005, 0.8167141500474834, 0.8195631528964862, 0.8233618233618234, 0.8091168091168092, 0.8205128205128205, 0.8167141500474834, 0.8148148148148148, 0.8157644824311491, 0.8148148148148148, 0.805318138651472, 0.8081671415004749, 0.8081671415004749, 0.8100664767331434, 0.8138651471984806, 0.8157644824311491, 0.818613485280152, 0.8081671415004749, 0.8138651471984806, 0.8157644824311491, 0.8138651471984806, 0.8167141500474834, 0.8110161443494777, 0.8157644824311491, 0.8138651471984806, 0.8252611585944919, 0.8205128205128205, 0.8167141500474834, 0.811965811965812, 0.8110161443494777, 0.8034188034188035, 0.818613485280152, 0.8195631528964862, 0.8110161443494777]}