{"train_loss": [8.930576046639086, 8.29172442555064, 7.727300877153304, 7.5444409670348, 7.4243418616379975, 7.40520988263888, 7.335842230766375, 7.212597695277168, 7.289616260714685, 7.257371773344638, 7.2398825136717075, 7.204606993989892, 7.184606124822094, 7.216569000541933, 7.237302392884759, 7.128493560865464, 7.202929201104772, 7.1509712828589445, 7.237701579258921, 7.209848090918429, 7.142901813482264, 7.206636929322995, 7.073968290870668, 7.203624437630334, 7.1607798171930375, 7.102084015801467, 7.112320816693788, 7.168941546271647, 6.957535125056183, 7.106966005493214, 7.025688591127499, 7.147175112059505, 7.109311508342342, 7.076668835481169, 7.036551874036299, 7.084601139387335, 7.0618850126768615, 7.092729787657866, 7.1176260539879035, 7.107727726437886, 7.080271704794551, 6.993308736192765, 6.988939119611579, 6.9633375821401495, 7.07458327625505, 7.05660100379691, 7.005056761803485, 7.067038287232382, 7.058690082835434, 7.083659184660022], "val_loss": [8.263743786390691, 7.599441896476637, 7.210412125981431, 7.068230186092888, 6.994009311382587, 6.947059786217844, 6.912358684757157, 6.8796559385424665, 6.859637864974149, 6.834896879658061, 6.819322644475519, 6.805382416119263, 6.800919778666265, 6.782950053527484, 6.772015972354813, 6.764776888735954, 6.764678737716458, 6.751398926107292, 6.748757217005108, 6.739956277048486, 6.738209856201781, 6.727460899244346, 6.7350247320626195, 6.722091756315312, 6.718095329751995, 6.713674853669952, 6.735208458370632, 6.71211418874583, 6.71690839240354, 6.713867408937199, 6.7039713941068735, 6.699798203601457, 6.702441359517241, 6.699950132614527, 6.69621010587426, 6.696403394737135, 6.70195680601984, 6.6919128181587935, 6.691431712560844, 6.6907379172126795, 6.689412657691543, 6.691814892652028, 6.691910338877273, 6.695997641636775, 6.693062968403526, 6.694026534034316, 6.697105237901041, 6.689545816166109, 6.689364569139617, 6.691854100621324], "val_exact_match": [0.409306742640076, 0.4757834757834758, 0.5460588793922128, 0.5479582146248813, 0.597340930674264, 0.6163342830009497, 0.6324786324786325, 0.6457739791073125, 0.6647673314339981, 0.6628679962013295, 0.6799620132953467, 0.691358024691358, 0.6780626780626781, 0.698005698005698, 0.6961063627730294, 0.704653371320038, 0.6989553656220323, 0.7103513770180437, 0.7084520417853751, 0.7160493827160493, 0.7084520417853751, 0.7217473884140551, 0.6942070275403609, 0.717948717948718, 0.7236467236467237, 0.7264957264957265, 0.7255460588793922, 0.724596391263058, 0.7331433998100665, 0.7255460588793922, 0.7274453941120608, 0.7274453941120608, 0.7359924026590693, 0.7264957264957265, 0.7369420702754036, 0.7378917378917379, 0.7264957264957265, 0.7378917378917379, 0.7340930674264008, 0.7378917378917379, 0.7407407407407407, 0.7407407407407407, 0.7321937321937322, 0.7321937321937322, 0.7340930674264008, 0.7321937321937322, 0.7350427350427351, 0.7274453941120608, 0.7388414055080722, 0.7359924026590693], "val_token_f1": [0.44447610003165555, 0.5199895177103154, 0.5940954792806644, 0.5962741990519768, 0.6450554589443479, 0.6724601530157085, 0.6848676357935618, 0.6960832740244505, 0.7121176379932874, 0.7098492616508371, 0.7379227163540889, 0.7491938797536251, 0.7297465917878185, 0.7557439562467214, 0.7491990608129371, 0.7614149708920951, 0.7496891819761904, 0.7679432848278164, 0.758596753971314, 0.7712454922198424, 0.7635281605408972, 0.7815575605128674, 0.7511083444173775, 0.7708978655182778, 0.7753939823405217, 0.7848132073873653, 0.7764303647243148, 0.7760428195655278, 0.7812727747954831, 0.7819895920700345, 0.779653108072573, 0.7761158603793094, 0.7845446270582768, 0.7791984112962212, 0.7856718842537777, 0.7866017824791077, 0.7785834887728637, 0.7903302102884454, 0.7824678688433727, 0.7864213977141332, 0.7903083974313456, 0.7876235219398936, 0.7816721101037032, 0.780200445731701, 0.7861251503476725, 0.7819914133932904, 0.7787942882211358, 0.7771507086908461, 0.7849924723185993, 0.7815383947903595]}