{"train_loss": [2.793802136205808, 1.2784482589895392, 0.8992832008356194, 0.7404111942931825, 0.6345640822357461, 0.5698742240176595, 0.5228099804943377, 0.4925512395440187, 0.4644589479145516, 0.44795820622891036, 0.4149489210591759, 0.39241710713564515, 0.3726415451306302, 0.36134527292550156, 0.3363964836646881, 0.32223766070964205, 0.30769950445892125, 0.29446473536234025, 0.2851122201070671, 0.2811873793680752, 0.26204127743976535, 0.25803641689565276, 0.23918375094190414, 0.2205407391672431, 0.21848541840495897, 0.20039948520257625, 0.19161621046323168, 0.1772782579140102, 0.16751309801260372, 0.166303548867212, 0.16047267486443725, 0.15138012739695483, 0.14139810998184357, 0.12838096592236786, 0.125810284681753, 0.10560991550002624, 0.09705098169039943, 0.10264817233291867, 0.09838890126170025, 0.08666579196622251, 0.08172802532496527, 0.07976274152725032, 0.06905440674630103, 0.06531747547342759, 0.06795794044002743, 0.058779860689742315, 0.047615121081426, 0.04572998359344989, 0.04490734460932328, 0.040508678231049804], "train_accuracy": [0.36125228705021345, 0.6271599918682659, 0.6934336247204717, 0.7377515755234804, 0.7759707257572678, 0.8021955682049197, 0.8131734092295182, 0.8221183167310429, 0.8322829843464119, 0.8381784915633259, 0.844683878837162, 0.8593210002032934, 0.8607440536694451, 0.8721284813986583, 0.8814799756047977, 0.8845293758894084, 0.8877820695263264, 0.8916446432201667, 0.8995730839601545, 0.8977434437893881, 0.9052652978247612, 0.9083146981093718, 0.913193738564749, 0.9225452327708884, 0.9225452327708884, 0.9264078064647286, 0.9329131937385647, 0.9369790607847124, 0.9418581012400894, 0.942671274649319, 0.9412482211831673, 0.9469404350477739, 0.9493799552754625, 0.9573083960154503, 0.9583248627769871, 0.9640170766415939, 0.9656434234600528, 0.9656434234600528, 0.9660500101646676, 0.9717422240292742, 0.9745883309615776, 0.9743850376092702, 0.9794673714169546, 0.9784509046554177, 0.9776377312461882, 0.9825167717015654, 0.9886155722707868, 0.9875991055092499, 0.9878023988615572, 0.9884122789184794], "val_loss": [1.632975509137283, 1.1172625398137743, 0.9078137086667226, 0.7091099078159386, 0.6843396840724963, 0.6392185715189007, 0.7093391202793502, 0.6802738252868, 0.6210245706303733, 0.6007440199992369, 0.5850225320229163, 0.5951062478797275, 0.5879609184047775, 0.6144189991955518, 0.592824032673469, 0.6177487925812956, 0.6414448303601228, 1.3106377348940597, 0.6804287141544527, 0.6559584745314726, 0.7163383532793094, 0.6702218412334083, 0.699990267087931, 0.6896857169279006, 0.6983233089120979, 0.7153274494471826, 0.7270596739460147, 0.7446775016395228, 0.792073552425091, 0.7562079035658442, 0.7924983841061932, 0.7897565423706432, 0.8126936216979285, 0.828541828243368, 0.8399870230374966, 0.8215865683578245, 0.8355443100643973, 0.8814438154667984, 0.8935989281843644, 0.8749708866688147, 0.8931529233258674, 0.9451191496645284, 0.9102033057443777, 0.9370950695909099, 0.9531642486113995, 0.9746475450673334, 0.9713749534610556, 1.0098831250570213, 0.983508625601092, 1.0429181435622155], "val_accuracy": [0.5470085470085471, 0.6163342830009497, 0.6780626780626781, 0.7530864197530864, 0.7635327635327636, 0.7777777777777778, 0.7578347578347578, 0.7749287749287749, 0.7777777777777778, 0.7863247863247863, 0.7977207977207977, 0.8062678062678063, 0.8015194681861348, 0.818613485280152, 0.8100664767331434, 0.8157644824311491, 0.805318138651472, 0.6400759734093068, 0.8015194681861348, 0.7977207977207977, 0.8072174738841406, 0.8100664767331434, 0.8129154795821463, 0.8129154795821463, 0.8195631528964862, 0.8224121557454891, 0.8034188034188035, 0.8205128205128205, 0.8138651471984806, 0.8195631528964862, 0.8100664767331434, 0.818613485280152, 0.8176638176638177, 0.8081671415004749, 0.818613485280152, 0.811965811965812, 0.8062678062678063, 0.8167141500474834, 0.8167141500474834, 0.8129154795821463, 0.8148148148148148, 0.811965811965812, 0.818613485280152, 0.8157644824311491, 0.8110161443494777, 0.8176638176638177, 0.8195631528964862, 0.8081671415004749, 0.8205128205128205, 0.8148148148148148]}