{"train_loss": [8.759078955160794, 8.35526715616163, 7.813107931121962, 7.501967091220112, 7.419230654802378, 7.323435609576712, 7.310041677421078, 7.225783052229256, 7.291108002481385, 7.234864254893508, 7.223651472352631, 7.225235152278496, 7.2218731221786285, 7.176776545056, 7.123017859279589, 7.185218775555913, 7.125178542314543, 7.178932114426841, 7.108919511749677, 7.038780644357289, 7.082076910720363, 7.101616100122056, 7.062021580525689, 7.125435744148126, 7.1567154514229765, 7.028366859522891, 7.1318151376479575, 7.134543754192212, 7.128997113991133, 7.081230427245101, 7.0396990883663, 7.016497787844725, 6.985011604748792, 7.0222294878780325, 7.064224811704403, 7.060235102115111, 7.111782780748287, 6.952323073995721, 7.0914954189169475, 7.0019930569857545, 7.018788977787974, 7.172814483782169, 7.060700934891488, 7.021522964106073, 7.077222444972849, 7.084227674689373, 7.003367123940195, 6.98982441689479, 6.975309649965922, 7.006284191347182], "val_loss": [8.262710639214584, 7.5977792169293785, 7.207901916612587, 7.071210099081708, 6.990283285450731, 6.9404296290840515, 6.9066908692362645, 6.877072457913999, 6.8600702109160245, 6.836231474862819, 6.823584680204038, 6.810041395008055, 6.798730707576132, 6.789070706761461, 6.782604160471859, 6.77290900004895, 6.7632105955031525, 6.7527434588157895, 6.751172658045407, 6.745207713200496, 6.73391641578783, 6.733112871816695, 6.730957544766939, 6.732782058226756, 6.723712869519182, 6.719727866670006, 6.719603189376005, 6.716116337355046, 6.705599495488355, 6.713018175543543, 6.711779002110843, 6.703561201394454, 6.703582487894259, 6.7040033775177434, 6.701091835641454, 6.701003475406571, 6.707152131615881, 6.700262474538254, 6.696415424346924, 6.690283794348736, 6.690467401107831, 6.697766020087435, 6.691613409254286, 6.694027593672446, 6.695072176789287, 6.690099746073753, 6.696450627427495, 6.702671832168884, 6.69244059809932, 6.691619589118197], "val_exact_match": [0.41025641025641024, 0.46058879392212726, 0.540360873694207, 0.5593542260208927, 0.5982905982905983, 0.6248812915479582, 0.6315289648622981, 0.647673314339981, 0.6609686609686609, 0.6780626780626781, 0.6828110161443495, 0.6942070275403609, 0.7008547008547008, 0.6942070275403609, 0.7018043684710351, 0.704653371320038, 0.7075023741690408, 0.7018043684710351, 0.7084520417853751, 0.7207977207977208, 0.7283950617283951, 0.7226970560303894, 0.7169990503323836, 0.7122507122507122, 0.724596391263058, 0.7274453941120608, 0.7350427350427351, 0.7302943969610636, 0.7369420702754036, 0.7340930674264008, 0.7293447293447294, 0.7369420702754036, 0.7302943969610636, 0.7378917378917379, 0.7407407407407407, 0.7388414055080722, 0.7454890788224121, 0.7502374169040835, 0.7378917378917379, 0.7454890788224121, 0.7454890788224121, 0.7340930674264008, 0.7340930674264008, 0.7264957264957265, 0.7369420702754036, 0.7388414055080722, 0.7397910731244065, 0.7283950617283951, 0.7407407407407407, 0.741690408357075], "val_token_f1": [0.44394850691146986, 0.5076438386979697, 0.5819803178777538, 0.609068640550122, 0.647967772967773, 0.6777686486836814, 0.6843290474554091, 0.7007903910451254, 0.713571478549692, 0.7280042416291789, 0.7403317331421906, 0.7548840712323199, 0.7564287441822216, 0.7503757568614281, 0.7581842931599929, 0.7655182908073808, 0.7663343242361176, 0.7613293595529224, 0.7689224655078518, 0.7771427958791792, 0.7888833387283195, 0.7849195600811947, 0.7727094659556534, 0.7722950373277171, 0.7788473538515436, 0.7853644597276238, 0.7920287370531991, 0.7907101428510848, 0.7965786755002442, 0.7927634224680259, 0.7834076693262743, 0.7923419670949948, 0.7865064516829046, 0.7869854563214094, 0.791428196095533, 0.7931350962188992, 0.7984797121364029, 0.8018827187002149, 0.7902882364367902, 0.7970857991453725, 0.7915517393669158, 0.7873882002947125, 0.7861812948189334, 0.7786194490945623, 0.7893743988605639, 0.7888822659768526, 0.788744837085712, 0.7741955705505228, 0.7911331393538357, 0.7881250029104898]}