{"train_loss": [8.865026342551333, 8.34794550345278, 7.781467097298501, 7.526315302159588, 7.381013624501873, 7.252254884692318, 7.324619316768782, 7.303390189820515, 7.231150357649079, 7.230700044327573, 7.175181024465698, 7.229606075969308, 7.121769839366487, 7.283264787537849, 7.143034832534278, 7.145833282408663, 7.130863587239284, 7.088711662296358, 7.119980610539017, 7.1492597281775305, 7.09434149870666, 7.055168196640744, 7.215778689143085, 7.179045614369349, 7.0962495404449175, 7.088524642962948, 7.079610864523344, 7.103117480125823, 7.145577331557703, 7.108781069026388, 7.094363058066557, 7.078818821524139, 7.123455685942996, 7.1551288995201885, 7.048013409891611, 7.025893006728999, 7.056786995492444, 7.053193969245751, 7.025837324770225, 7.093890379347145, 7.0833466169819115, 7.11956846367467, 7.019270981732218, 7.077427036613438, 7.013531626131167, 7.055217069880607, 7.088628111585511, 7.02867883113032, 7.025737100947458, 7.073019176994211], "val_loss": [8.272364934285482, 7.598126503816697, 7.2131330389582535, 7.07946754928328, 7.006440390888442, 6.955553443343551, 6.915017251615171, 6.888949163279302, 6.858023672022371, 6.84331377686938, 6.8298095162437855, 6.811826038904, 6.811644312323328, 6.791546745517655, 6.7835941722250395, 6.772100418721169, 6.762697219848633, 6.754007828541291, 6.7443316546600425, 6.744671237434757, 6.739453992273053, 6.728341120260733, 6.7270058227060865, 6.721338997539292, 6.721069155255614, 6.722404960893158, 6.714287374773596, 6.7176580524172875, 6.7113824094462595, 6.706400637613063, 6.703035485031259, 6.722997529554231, 6.700849935200139, 6.70212700971511, 6.700380609246061, 6.696143469579539, 6.697346531088196, 6.699685652371485, 6.698218239678277, 6.697139810632776, 6.705598107090703, 6.693759395186378, 6.688481075471623, 6.691356835541902, 6.69488280858749, 6.693526364459611, 6.697686751004298, 6.686409822556368, 6.692260376748196, 6.691110044463068], "val_exact_match": [0.41690408357075026, 0.4520417853751187, 0.50332383665717, 0.5593542260208927, 0.5783475783475783, 0.6144349477682811, 0.6248812915479582, 0.6248812915479582, 0.6619183285849952, 0.6761633428300095, 0.6780626780626781, 0.6723646723646723, 0.6429249762583096, 0.6923076923076923, 0.6942070275403609, 0.7056030389363722, 0.7008547008547008, 0.6970560303893637, 0.7075023741690408, 0.7056030389363722, 0.7075023741690408, 0.7207977207977208, 0.7264957264957265, 0.7321937321937322, 0.717948717948718, 0.7293447293447294, 0.717948717948718, 0.7302943969610636, 0.7255460588793922, 0.7340930674264008, 0.7435897435897436, 0.7264957264957265, 0.7331433998100665, 0.7369420702754036, 0.7312440645773979, 0.7397910731244065, 0.7473884140550807, 0.7350427350427351, 0.7407407407407407, 0.7388414055080722, 0.7160493827160493, 0.7397910731244065, 0.7350427350427351, 0.7340930674264008, 0.7302943969610636, 0.7397910731244065, 0.7397910731244065, 0.748338081671415, 0.7350427350427351, 0.7378917378917379], "val_token_f1": [0.44705075445816184, 0.49675883892408107, 0.5541815523297003, 0.6103047158602715, 0.6296075323853101, 0.6674043035154147, 0.6745629884518772, 0.6786751999714963, 0.7166421258511086, 0.7290473475155895, 0.7356844982661975, 0.7306913139743708, 0.7044383962684616, 0.7417794149317528, 0.7499979928084504, 0.7604381909979364, 0.7555928991156073, 0.7546104110960823, 0.7634058891223295, 0.7656017042811076, 0.7624784689641402, 0.7757581722723335, 0.7790972975655396, 0.7862525134119782, 0.7710779748403345, 0.7841400397081644, 0.7758972251477081, 0.7860511240182766, 0.7794903490551925, 0.7818619054094725, 0.7911962792807439, 0.7745092856916219, 0.787574941886374, 0.786537670474322, 0.783974664517651, 0.7876165698815272, 0.79374264369788, 0.782542461842207, 0.7914310889049142, 0.7931131970045556, 0.7678686694245954, 0.7884930557224665, 0.7846388635641809, 0.7817820397892372, 0.7818138817016416, 0.7940182488955124, 0.7925911958675492, 0.7961817518211016, 0.782245651765511, 0.7858665572512785]}